,cluster_numbers,coeff
0,2,0.0662943211116666
1,3,0.0675424795846005
2,4,0.07347221666408411
3,5,0.08479571853834067
4,6,0.09907209828174675
5,7,0.10574415982230773
6,8,0.11092181257843434
7,9,0.11418734980422024
8,10,0.1133156161992623
