,cluster_numbers,coeff
0,2,0.08148872551072169
1,3,0.08120533810534748
2,4,0.09071318444309755
3,5,0.081184399264857
4,6,0.09112349078752476
5,7,0.10571886739155636
6,8,0.11157825765048043
7,9,0.12037491057192691
8,10,0.12310235206818804
